{
  "model_name": "facebook/musicgen-small (base, no fine-tune)",
  "n_suspect": 5,
  "n_control": 10,
  "positive_test": {
    "a_mean": 0.1590430390361182,
    "b_mean": 0.038001298443260834,
    "t_stat": 0.9618496996299812,
    "p_value": 0.2180200091715539,
    "n_a": 3,
    "n_b": 2
  },
  "false_positive_control": {
    "a_mean": 0.038001298443260834,
    "b_mean": 0.21384617856737528,
    "t_stat": -1.3561283894545437,
    "p_value": 0.847029818290919,
    "n_a": 2,
    "n_b": 3
  },
  "per_feature": {
    "bitrate_ratio": {
      "member_mean": 4.9363718590211953e-05,
      "nonmember_mean": 5.538244532551681e-05,
      "t_stat": -9.368836017256232,
      "p_value": 0.018465079782812092
    },
    "maxk_0.1_cb0": {
      "member_mean": 3.527681186085655,
      "nonmember_mean": 4.367677824837822,
      "t_stat": -10.12921969201427,
      "p_value": 0.0010410913918636432
    },
    "maxk_0.1_cb1": {
      "member_mean": 3.9455379645029702,
      "nonmember_mean": 5.029909627778189,
      "t_stat": -13.44263814295738,
      "p_value": 0.006050917813518621
    },
    "maxk_0.1_cb2": {
      "member_mean": 4.459306762332008,
      "nonmember_mean": 5.324764711516243,
      "t_stat": -3.5311874122267897,
      "p_value": 0.056335385898290485
    },
    "maxk_0.1_cb3": {
      "member_mean": 4.8115237440381735,
      "nonmember_mean": 5.787258097103664,
      "t_stat": -15.042190670583334,
      "p_value": 0.0003205588853908267
    },
    "maxk_0.2_cb0": {
      "member_mean": 3.9817874239779063,
      "nonmember_mean": 4.772701312755716,
      "t_stat": -9.099714985391358,
      "p_value": 0.0032226907987530718
    },
    "maxk_0.2_cb1": {
      "member_mean": 4.354046953135523,
      "nonmember_mean": 5.546972636518808,
      "t_stat": -9.309671681227442,
      "p_value": 0.030895720839843877
    },
    "maxk_0.2_cb2": {
      "member_mean": 4.906139576572111,
      "nonmember_mean": 5.865495204925537,
      "t_stat": -6.728465857214879,
      "p_value": 0.006739303747412821
    },
    "maxk_0.2_cb3": {
      "member_mean": 5.252977574008635,
      "nonmember_mean": 6.283274510811115,
      "t_stat": -17.01677796766079,
      "p_value": 0.0013449271495731341
    },
    "maxk_0.4_cb0": {
      "member_mean": 4.499425101414912,
      "nonmember_mean": 5.319813623266705,
      "t_stat": -5.1682911408387655,
      "p_value": 0.038015982459186005
    },
    "maxk_0.4_cb1": {
      "member_mean": 4.955219193366961,
      "nonmember_mean": 6.162265611907183,
      "t_stat": -8.192293246839554,
      "p_value": 0.02464140827937107
    },
    "maxk_0.4_cb2": {
      "member_mean": 5.562102441733841,
      "nonmember_mean": 6.493108571585962,
      "t_stat": -10.562771109591141,
      "p_value": 0.004409905221762028
    },
    "maxk_0.4_cb3": {
      "member_mean": 5.8443910469443106,
      "nonmember_mean": 6.953777486995115,
      "t_stat": -15.480920460441329,
      "p_value": 0.00029491203346600784
    },
    "mink_0.1_cb0": {
      "member_mean": 8.883608011972337,
      "nonmember_mean": 10.099380084446498,
      "t_stat": -2.9430936242125516,
      "p_value": 0.10351613592920687
    },
    "mink_0.1_cb1": {
      "member_mean": 10.349359080905005,
      "nonmember_mean": 11.303096566881452,
      "t_stat": -1.9108509292999456,
      "p_value": 0.07600216737572228
    },
    "mink_0.1_cb2": {
      "member_mean": 10.778167225065687,
      "nonmember_mean": 11.528250285557338,
      "t_stat": -2.486229405135778,
      "p_value": 0.07127260797477433
    },
    "mink_0.1_cb3": {
      "member_mean": 11.793481349945068,
      "nonmember_mean": 12.546146835599627,
      "t_stat": -1.3918865192588277,
      "p_value": 0.14369950379086546
    },
    "mink_0.2_cb0": {
      "member_mean": 8.06566981063492,
      "nonmember_mean": 9.212751964042926,
      "t_stat": -6.41140905386192,
      "p_value": 0.04289591187379631
    },
    "mink_0.2_cb1": {
      "member_mean": 9.286601258420397,
      "nonmember_mean": 10.432291162425074,
      "t_stat": -3.607754167295938,
      "p_value": 0.033016445393593025
    },
    "mink_0.2_cb2": {
      "member_mean": 9.993915031696188,
      "nonmember_mean": 10.669432623633021,
      "t_stat": -2.6226881277279532,
      "p_value": 0.09878641801850357
    },
    "mink_0.2_cb3": {
      "member_mean": 10.855481060071924,
      "nonmember_mean": 11.501346325052197,
      "t_stat": -1.9576567902679696,
      "p_value": 0.09934482308502367
    },
    "mink_0.4_cb0": {
      "member_mean": 7.345540801010563,
      "nonmember_mean": 8.30118053646411,
      "t_stat": -18.091761971453728,
      "p_value": 0.0024924000057535436
    },
    "mink_0.4_cb1": {
      "member_mean": 8.312819208802477,
      "nonmember_mean": 9.531034138243077,
      "t_stat": -5.645076907645305,
      "p_value": 0.012548245043910753
    },
    "mink_0.4_cb2": {
      "member_mean": 9.084376882025078,
      "nonmember_mean": 9.786533153663248,
      "t_stat": -3.066079466263843,
      "p_value": 0.092119504938609
    },
    "mink_0.4_cb3": {
      "member_mean": 9.757758768264857,
      "nonmember_mean": 10.412215636948407,
      "t_stat": -2.925386391272874,
      "p_value": 0.0667360671609308
    },
    "ppl_cb0": {
      "member_mean": 5.891729687684335,
      "nonmember_mean": 6.7659209462620264,
      "t_stat": -12.86922948800813,
      "p_value": 0.01024582887600417
    },
    "ppl_cb1": {
      "member_mean": 6.5924171345345925,
      "nonmember_mean": 7.820555467733601,
      "t_stat": -7.159759948340824,
      "p_value": 0.0048063548126496426
    },
    "ppl_cb2": {
      "member_mean": 7.27924918915068,
      "nonmember_mean": 8.118508007702411,
      "t_stat": -6.076890542107697,
      "p_value": 0.027679644388378794
    },
    "ppl_cb3": {
      "member_mean": 7.733610653503895,
      "nonmember_mean": 8.633555687513926,
      "t_stat": -6.823291253021652,
      "p_value": 0.02625085853254653
    }
  },
  "feature_names": [
    "bitrate_ratio",
    "maxk_0.1_cb0",
    "maxk_0.1_cb1",
    "maxk_0.1_cb2",
    "maxk_0.1_cb3",
    "maxk_0.2_cb0",
    "maxk_0.2_cb1",
    "maxk_0.2_cb2",
    "maxk_0.2_cb3",
    "maxk_0.4_cb0",
    "maxk_0.4_cb1",
    "maxk_0.4_cb2",
    "maxk_0.4_cb3",
    "mink_0.1_cb0",
    "mink_0.1_cb1",
    "mink_0.1_cb2",
    "mink_0.1_cb3",
    "mink_0.2_cb0",
    "mink_0.2_cb1",
    "mink_0.2_cb2",
    "mink_0.2_cb3",
    "mink_0.4_cb0",
    "mink_0.4_cb1",
    "mink_0.4_cb2",
    "mink_0.4_cb3",
    "ppl_cb0",
    "ppl_cb1",
    "ppl_cb2",
    "ppl_cb3"
  ],
  "metadata": {
    "modality": "audio",
    "clip_seconds": 3.0,
    "num_codebooks": 4,
    "suspect_prompt_mode": "empty",
    "control_prompt_mode": "empty"
  }
}