{
  "experiment": "clap_petal_phase1_demo",
  "config": {
    "metric": "CLAP cosine (laion/clap-htsat-unfused)",
    "model": "facebook/musicgen-small base (greedy)",
    "n_member": 100,
    "n_nonmember": 98,
    "member_source": "Shutterstock free-preview tracks (known MusicGen training data per Meta paper)",
    "nonmember_source": "98 archive.org netlabel CC tracks released post-2024",
    "prefix_seconds": 10.0,
    "target_seconds": 10.0,
    "elapsed_s": 812
  },
  "report": {
    "n_member": 100,
    "n_nonmember": 98,
    "member_mean_sim": 0.5317421422526241,
    "nonmember_mean_sim": 0.3677657016990136,
    "t_stat": 4.668707758254553,
    "p_value": 2.8802134610963563e-06,
    "member_sims": [
      0.29874661564826965,
      0.15346239507198334,
      0.6057352423667908,
      0.040076009929180145,
      0.8401954174041748,
      0.6459830403327942,
      0.7371410131454468,
      0.5607386827468872,
      0.552144467830658,
      0.059519313275814056,
      0.6097233295440674,
      0.26220524311065674,
      0.5060694217681885,
      0.6692415475845337,
      0.8097386956214905,
      0.403547465801239,
      0.2899392545223236,
      0.6352641582489014,
      0.6937488317489624,
      0.20534858107566833,
      0.49916255474090576,
      0.6424497365951538,
      0.731354832649231,
      0.7332260608673096,
      0.4150351583957672,
      0.3095206022262573,
      0.6904760599136353,
      0.4435129761695862,
      0.574796736240387,
      0.8348677158355713,
      0.5579485297203064,
      0.6401749849319458,
      0.7121642827987671,
      0.6159384250640869,
      0.4879035949707031,
      0.34867727756500244,
      0.0604783371090889,
      0.694156289100647,
      0.6804826855659485,
      0.8197264671325684,
      0.6657981872558594,
      0.7274872064590454,
      0.5915005207061768,
      0.650261402130127,
      0.5992003679275513,
      0.44487202167510986,
      0.6435884237289429,
      0.7024379372596741,
      0.8124120831489563,
      0.8120465278625488,
      0.8537606596946716,
      0.15175971388816833,
      0.5494532585144043,
      0.41610363125801086,
      0.5008953213691711,
      0.5616288781166077,
      0.797559380531311,
      0.6327158212661743,
      0.5987986326217651,
      0.6282710433006287,
      0.12085242569446564,
      0.6389793753623962,
      0.656448245048523,
      0.5788006782531738,
      0.4158845543861389,
      0.6386976838111877,
      0.5625542402267456,
      0.07409283518791199,
      0.6819800734519958,
      0.25215384364128113,
      -0.028917688876390457,
      0.714260458946228,
      0.36425942182540894,
      0.4083572030067444,
      0.6074658632278442,
      0.5261930227279663,
      0.6922554969787598,
      0.5843982696533203,
      0.015050336718559265,
      0.6513534188270569,
      -0.0528300479054451,
      0.5231006145477295,
      0.5820642709732056,
      0.6776357889175415,
      0.6630368828773499,
      0.7386503219604492,
      0.6828418970108032,
      0.7174344658851624,
      0.45676690340042114,
      0.663170337677002,
      0.052372634410858154,
      0.6334720849990845,
      0.6154209971427917,
      0.6958965063095093,
      0.6742508411407471,
      0.46286073327064514,
      0.15565067529678345,
      0.3583360016345978,
      0.8043579459190369,
      0.5034315586090088
    ],
    "nonmember_sims": [
      0.35045313835144043,
      -0.15273615717887878,
      -0.052531927824020386,
      0.2565087378025055,
      0.26591864228248596,
      0.2004842460155487,
      0.6803370714187622,
      0.5425969362258911,
      0.21350044012069702,
      0.210973858833313,
      0.45563381910324097,
      0.5490385293960571,
      0.5492120981216431,
      0.2689218521118164,
      -0.12390243262052536,
      0.7948805093765259,
      0.5630234479904175,
      0.7951110601425171,
      0.37564653158187866,
      0.1120205968618393,
      0.5855209231376648,
      0.03642987087368965,
      0.18286094069480896,
      -0.044002071022987366,
      0.7058272361755371,
      0.507463812828064,
      0.09100840985774994,
      -0.02822124771773815,
      0.7171885967254639,
      0.41673898696899414,
      0.09108796715736389,
      0.1773839294910431,
      0.204088494181633,
      0.7131396532058716,
      0.033357277512550354,
      0.695076584815979,
      0.6724605560302734,
      0.6353406310081482,
      0.2516063451766968,
      -0.02456355094909668,
      0.5941842794418335,
      0.2916521728038788,
      0.7291818857192993,
      0.48062819242477417,
      0.6646962761878967,
      0.5336260795593262,
      0.12412330508232117,
      0.6815603375434875,
      0.05722816661000252,
      0.6648346185684204,
      0.026743434369564056,
      -0.09340425580739975,
      0.3651866018772125,
      0.4188545346260071,
      -0.02188003435730934,
      0.36828839778900146,
      0.18241681158542633,
      0.1604960858821869,
      0.3535922169685364,
      0.07764047384262085,
      0.46469175815582275,
      0.42948776483535767,
      0.31899887323379517,
      0.539939820766449,
      0.7865267395973206,
      0.5462208986282349,
      0.6054286956787109,
      0.42951709032058716,
      0.39591729640960693,
      0.6448422074317932,
      0.7334790229797363,
      0.30416297912597656,
      0.7050396800041199,
      0.7611751556396484,
      0.12809067964553833,
      -0.0700429230928421,
      0.7792143821716309,
      0.426852822303772,
      0.03451569005846977,
      0.8243505358695984,
      0.7317709922790527,
      0.19259190559387207,
      -0.006080670282244682,
      -0.046246301382780075,
      0.5748172402381897,
      0.21402117609977722,
      0.05922391265630722,
      0.4111183285713196,
      0.39833950996398926,
      0.22738060355186462,
      0.06097514182329178,
      0.788546085357666,
      0.6893763542175293,
      0.490714967250824,
      0.2082456648349762,
      0.3688676953315735,
      0.3662160634994507,
      0.3882170021533966
    ],
    "member_median": 0.602467805147171,
    "nonmember_median": 0.3722571134567261,
    "delta_mean": 0.16397644055361044,
    "mw_p": 1.2178022748972601e-05,
    "cohen_d": 0.6642589897771971,
    "member_std": 0.22186679186340597,
    "nonmember_std": 0.26953864200720207
  }
}