{
  "experiment": "petal_phase1_base_musicgen_small",
  "config": {
    "model": "facebook/musicgen-small",
    "adapter": null,
    "n_suspect": 250,
    "n_control": 98,
    "target_seconds": 5.0,
    "do_sample": false,
    "top_k": 250,
    "device": "cuda",
    "seed": 0,
    "elapsed_s": 1906.5
  },
  "report": {
    "n_member": 250,
    "n_nonmember": 98,
    "member_mean_sim": 0.26697255319356916,
    "nonmember_mean_sim": 0.250216988238449,
    "t_stat": 2.776511982706698,
    "p_value": 0.003127573664168843,
    "member_sims": [
      0.20770440995693207,
      0.2833327054977417,
      0.28936541080474854,
      0.17166054248809814,
      0.22970180213451385,
      0.23810583353042603,
      0.24181048572063446,
      0.2868587374687195,
      0.2589515149593353,
      0.2931819558143616,
      0.28225982189178467,
      0.2826864719390869,
      0.2602907419204712,
      0.2665129005908966,
      0.2987520098686218,
      0.302584171295166,
      0.29804718494415283,
      0.20156443119049072,
      0.29928046464920044,
      0.2907187342643738,
      0.27341315150260925,
      0.22995752096176147,
      0.2883533537387848,
      0.24793556332588196,
      0.3084924817085266,
      0.23357106745243073,
      0.25124645233154297,
      0.3046132028102875,
      0.2482546865940094,
      0.22485211491584778,
      0.25854194164276123,
      0.2815803289413452,
      0.2573325037956238,
      0.2523649334907532,
      0.25795090198516846,
      0.3129822611808777,
      0.23238098621368408,
      0.2823323905467987,
      0.09238270670175552,
      0.24829664826393127,
      0.2136984020471573,
      0.2655654549598694,
      0.24920332431793213,
      0.2867756485939026,
      0.3039204776287079,
      0.20033395290374756,
      0.25406572222709656,
      0.29787367582321167,
      0.29855895042419434,
      0.30881059169769287,
      0.28529682755470276,
      0.29059097170829773,
      0.26473262906074524,
      0.2477482110261917,
      0.3083157539367676,
      0.2499808520078659,
      0.3057246208190918,
      0.2976139485836029,
      0.27850496768951416,
      0.284252792596817,
      0.28428637981414795,
      0.2171134352684021,
      0.26073503494262695,
      0.23805542290210724,
      0.2755548655986786,
      0.2689034640789032,
      0.2427869737148285,
      0.27426987886428833,
      0.22665438055992126,
      0.314618855714798,
      0.2237359881401062,
      0.28397446870803833,
      0.2608436048030853,
      0.28112179040908813,
      0.20681597292423248,
      0.30179840326309204,
      0.30294886231422424,
      0.28481730818748474,
      0.24462158977985382,
      0.23077185451984406,
      0.23355236649513245,
      0.27354615926742554,
      0.27174532413482666,
      0.31072404980659485,
      0.2415672242641449,
      0.10625059902667999,
      0.2735477685928345,
      0.2860672175884247,
      0.2755010426044464,
      0.2859916687011719,
      0.2928658425807953,
      0.2425268590450287,
      0.24182842671871185,
      0.31026315689086914,
      0.2986912131309509,
      0.31141215562820435,
      0.29044076800346375,
      0.20971663296222687,
      0.27700284123420715,
      0.2443191409111023,
      0.29878708720207214,
      0.29707738757133484,
      0.2979002296924591,
      0.2702001631259918,
      0.21454833447933197,
      0.26870033144950867,
      0.29304662346839905,
      0.23195721209049225,
      0.30047234892845154,
      0.28789660334587097,
      0.2548741400241852,
      0.29163146018981934,
      0.29168638586997986,
      0.30450648069381714,
      0.2472105622291565,
      0.2763274908065796,
      0.2058035135269165,
      0.2613218426704407,
      0.2943264842033386,
      0.08546088635921478,
      0.29045912623405457,
      0.3122340142726898,
      0.2205120474100113,
      0.24457140266895294,
      0.21628621220588684,
      0.29355067014694214,
      0.21415266394615173,
      0.1668546348810196,
      0.24815239012241364,
      0.29780569672584534,
      0.2855054438114166,
      0.238249272108078,
      0.27568677067756653,
      0.3012670576572418,
      0.2831062078475952,
      0.3207550048828125,
      0.29954925179481506,
      0.2675679624080658,
      0.2901756763458252,
      0.2373005598783493,
      0.28070199489593506,
      0.2354276180267334,
      0.27161940932273865,
      0.21031427383422852,
      0.30386483669281006,
      0.29307153820991516,
      0.26551127433776855,
      0.20341891050338745,
      0.2717335522174835,
      0.2826710641384125,
      0.22644197940826416,
      0.2552770674228668,
      0.30325183272361755,
      0.27983903884887695,
      0.29186058044433594,
      0.22861768305301666,
      0.2896847128868103,
      0.2983876168727875,
      0.28302493691444397,
      0.29853904247283936,
      0.29161250591278076,
      0.3130013644695282,
      0.27895674109458923,
      0.24099253118038177,
      0.24205300211906433,
      0.24642759561538696,
      0.30318260192871094,
      0.19581037759780884,
      0.2918754518032074,
      0.31184640526771545,
      0.2520650327205658,
      0.2868238389492035,
      0.3024013638496399,
      0.2878730595111847,
      0.23541264235973358,
      0.06449218839406967,
      0.28381869196891785,
      0.24128614366054535,
      0.28403517603874207,
      0.3142586052417755,
      0.2844679057598114,
      0.2482670396566391,
      0.28671470284461975,
      0.2735976576805115,
      0.15937605500221252,
      0.2393566220998764,
      0.29071494936943054,
      0.2813623249530792,
      0.2723557651042938,
      0.3129967451095581,
      0.2148088663816452,
      0.2806640863418579,
      0.28195643424987793,
      0.2918994426727295,
      0.2778470516204834,
      0.2994876503944397,
      0.25402745604515076,
      0.27944883704185486,
      0.29577064514160156,
      0.3042401969432831,
      0.2708927392959595,
      0.27143049240112305,
      0.31682088971138,
      0.29270103573799133,
      0.308010995388031,
      0.3103960156440735,
      0.2707616984844208,
      0.26066839694976807,
      0.2615710198879242,
      0.2859778106212616,
      0.1902342438697815,
      0.23227745294570923,
      0.29396942257881165,
      0.2386493980884552,
      0.3108765780925751,
      0.2819270193576813,
      0.3138091564178467,
      0.29082244634628296,
      0.2909758687019348,
      0.2935246527194977,
      0.2704998254776001,
      0.24654343724250793,
      0.3115653991699219,
      0.2738487422466278,
      0.2509618103504181,
      0.23524510860443115,
      0.3216516077518463,
      0.26191258430480957,
      0.2886565327644348,
      0.2832408547401428,
      0.3075560927391052,
      0.2111339420080185,
      0.2658514082431793,
      0.2829340100288391,
      0.2775229811668396,
      0.27635642886161804,
      0.2890388071537018,
      0.29919931292533875,
      0.25667890906333923,
      0.29299622774124146,
      0.16291017830371857,
      0.2956949770450592,
      0.25898703932762146,
      0.26773643493652344,
      0.28558549284935,
      0.269896924495697,
      0.2847244441509247,
      0.27899232506752014,
      0.28424450755119324,
      0.25258997082710266
    ],