{
  "experiment": "suno_audio_recap_n30_demo",
  "config": {
    "metric": "CLAP cosine (laion/clap-htsat-unfused)",
    "model": "Suno V5.5 via Kie.ai upload-extend",
    "n_member_submitted": 30,
    "n_nonmember_submitted": 30,
    "n_member_clap_scored": 24,
    "n_nonmember_clap_scored": 17,
    "member_source": "Shutterstock free-preview tracks (named MusicGen training source; status in Suno training set: UNKNOWN \u2014 Suno does not disclose)",
    "nonmember_source": "98 archive.org netlabel CC tracks released post-2024 (a 30-clip random subset)",
    "prefix_seconds": 10.0,
    "target_seconds": 10.0,
    "catalog_match_member": 6,
    "catalog_match_control": 13,
    "catalog_match_note": "Suno's upload-extend rejects with 413 'matches existing recording' on 20% member and 43% control. Catalog \u2260 training set; likely third-party fingerprint DB."
  },
  "report": {
    "n_member": 24,
    "n_nonmember": 17,
    "member_mean_sim": 0.8717368294795355,
    "nonmember_mean_sim": 0.7789592602673698,
    "t_stat": 3.035810327802461,
    "p_value": 0.002795974037208839,
    "member_sims": [
      0.8330520391464233,
      0.9420417547225952,
      0.8506485223770142,
      0.8204233646392822,
      0.8250223994255066,
      0.8233479261398315,
      0.9112991690635681,
      0.8692777752876282,
      0.9562527537345886,
      0.9065029621124268,
      0.9083753824234009,
      0.9322459697723389,
      0.9222723841667175,
      0.8939840197563171,
      0.7811535596847534,
      0.903876543045044,
      0.9306678771972656,
      0.858340859413147,
      0.8180003762245178,
      0.7817922830581665,
      0.8831281661987305,
      0.9408405423164368,
      0.9617699384689331,
      0.6673673391342163
    ],
    "nonmember_sims": [
      0.6135743856430054,
      0.7752073407173157,
      0.8321665525436401,
      0.8051980137825012,
      0.6363384127616882,
      0.7342853546142578,
      0.7072774171829224,
      0.8915825486183167,
      0.8888385891914368,
      0.876835286617279,
      0.7526075839996338,
      0.8089675307273865,
      0.8939633369445801,
      0.9383432865142822,
      0.7604182958602905,
      0.5227867364883423,
      0.8039167523384094
    ],
    "member_median": 0.8885560929775238,
    "nonmember_median": 0.8039167523384094,
    "delta_mean": 0.09277756921216562,
    "cohen_d": 0.9981001348932957,
    "member_std": 0.06936430339805881,
    "nonmember_std": 0.11166713350167559
  }
}